image,day,wound_px,area_change,G,S,N
1363,0,5643,0.0,0.9280341267585754,0.03017822466790676,0.04178766533732414
1363,7,5991,6.17,0.9353995323181152,0.024595998227596283,0.04000452160835266
1363,14,6709,18.89,0.9213035702705383,0.023629995062947273,0.05506645888090134
1363,21,7080,25.47,0.8840967416763306,0.029644258320331573,0.0862589180469513
1363,28,7842,38.97,0.49745291471481323,0.0972050353884697,0.40534207224845886
